brand,name,price
Sip Whiskey,Gift Card,$25.00
Sip Whiskey,"Blanton's Original Single Barrel, Blanton’s Gold Edition 700ml, Blanton’s Straight From The Barrel 700ml Special",$899.99
Buffalo Trace,Buffalo Trace Bourbon,$24.99
Jack Daniel's,Jack Daniel’s Holiday Advent Countdown Calendar,$34.99
High West Whiskey,"High West American Prairie ""SDBB"" Store Pick",$69.99
Woodford Reserve,Woodford Reserve Holiday Edition 2021,$59.99
Blackened American Whiskey,"Blackened Cask Strength Private Select by ""San Diego Barrel Boys""",$69.99
Buffalo Trace,Weller Special Combo Pack,$549.99
The Sassenach,The Sassenach,$98.99
Colonel E.H. Taylor,"Colonel E.H. Taylor, Jr. Small Batch",$139.99
Skrewball Peanut Butter Whiskey,Skrewball Peanut Butter Whiskey,$25.99
Crown Royal,Crown Royal Peach,$39.99
Buffalo Trace,"*Buffalo Trace Combo Pack* Eagle Rare 10 Year, Sazerac Rye, Buffalo Trace Bourbon",$149.99
CÎROC,Ciroc Pomegranate Vodka,$29.99
Brother's Bond Distilling Company,Brother's Bond Straight Bourbon Whiskey,$39.99
Buffalo Trace,Buffalo Trace Bourbon Cream,$16.99
Hibiki,Hibiki Harmony,$99.99
Willett Distillery,Willett Pot Still Reserve,$49.99
Blanton's Bourbon,Blanton's Original Single Barrel 750ML,$229.99
Eagle Rare,Eagle Rare,$99.99
Kaiyō,Kaiyo The Sheri Japanese Mizunara Oak Finish Whisky,$139.99
Nikka,Nikka Miyagikyo Single Malt,$99.99
Nikka,Nikka Taketsuru Pure Malt,$99.99
Kaiyō,Kaiyō Cask Strength Japanese Mizunara Oak Whisky,$106.99
Mars Iwai Japanese Whisky,Mars Iwai Tradition Japanese Whisky,$65.99
Mars Iwai Japanese Whisky,Mars Iwai Japanese Whisky,$38.99
Kaiyō,Kaiyō The Single 7 Year Old,$54.99
Kamiki Japanese Whisky,Kamiki Maltage Japanese Whiskey,$89.99
Kaiyō,Kaiyō Japanese Mizunara Oak Whisky,$70.99
Nikka,Nikka Coffey Grain Whisky,$99.99
Nikka,Nikka Whisky From The Barrel,$99.99
Nikka,Nikka Coffey Malt Whisky,$99.99
Akashi,Akashi White Oak Japanese Whisky,$42.99
Yamazaki,Yamazaki 12 Years Old,$199.99
Hakushu,The Hakushu 12 Years Old,$199.99
Nikka,Nikka Miyagikyo Apple Brandy Wood Finish,$499.99
Bikoku,Bikoku Pure Malt,$79.99
Kaiyo Whisky,Kaiyo Kuri Wood Single Cask Strength Whisky,$0.00
Kaiyo Whisky,Kaiyo 5 Wood Whisky,$0.00
Tenjaku,Tenjaku Whisky,$45.00
Shunka Shuto,Shunka Shuto Summer Japanese Whisky,$59.99
Nikka,Nikka Taketsuru Pure Malt 17 Years Old,$599.99
Shunka Shuto,Shunka Shuto Spring Japanese Whisky,$59.99
Hibiki,Hibiki 21 Years Old,"$1,499.99"
Tenjaku,Tenjaku Whisky Pure Malt,$79.99
Shunka Shuto,Shunka Shuto Winter Japanese Whisky,$59.99
Hibiki,Hibiki Japanese Harmony Limited Edition,"$1,699.99"
Akashi,Akashi Single Malt Japanese Whisky,$119.99
Hibiki,Hibiki Blender’s Choice 700ml,$399.99
Nikka Days,Nikka Days Whisky,$59.99
Hibiki,Hibiki Harmony 2021 Limited Edition,$649.99
Hibiki,Hibiki 17 Years Old,$999.99
Kaiyō,Kaiyō The Peated Japanese Mizunara Oak Whisky,$119.99
Nikka,Nikka Yoichi Single Malt,$99.99
Hakushu,Hakushu 18 Years Old,$799.99
Kaiyo Whisky,Kaiyo The Sakura,$0.00
Kaiyo Whisky,Kaiyo The Unicorn,$0.00
Yamazaki,Suntory Yamazaki Single Malt Whisky 1984,"$24,999.99"
Nikka,Nikka Yoichi Apple Brandy Wood Finish,$499.99
Yamazaki,Yamazaki 18 Mizunara Cask 2017 Edition,"$6,999.99"
Yamazaki,Yamazaki 18 Years Old,"$1,299.99"
Yamazaki,The Yamazaki Sherry Cask 2016 Edition,"$8,999.99"
Hibiki,Hibiki 21 Years Old Kacho Fugetsu,"$1,999.99"
Teitessa,Teitessa 25 Year Old Japanese Whisky,$249.99
Hibiki,Hibiki Harmony Blossom Limited Edition 700ml,$999.99
Hibiki,Hibiki 12 Years Old,$599.99
Kaiyō,Kaiyō 22 Year Old,$199.95
Nikka,Nikka Taketsuru Pure Malt 21 Years Old,$899.99
Ichiro's Malt Whiskey,Ichiro's Malt Chichibu The US Edition 2019 Single Malt Whiskey,$999.99
Teitessa,Teitessa 15 Year Old Japanese Whisky,$199.99
Suntory,Suntory Whisky Toki,$39.99
Shunka Shuto,Shunka Shuto Autumn Japanese Whisky,$59.99
Teitessa,Teitessa 30 Year Old Japanese Whisky,$299.99
